pjqKbl,3237609346,192.249.255.130,HOST
MOfIuk,3760568082,224.37.183.18,HOST
lxepuF,3335969299,198.214.218.19,HOST
HySfKi,2603487773,155.46.18.29,HOST
AjIkEB,3757918228,223.253.72.20,HOST
KPoFRY,4010278438,239.7.254.38,HOST
bdwhmD,563240565,33.146.94.117,HOST
xjaHSD,556175612,33.38.144.252,HOST
rjdtBn,2035040284,121.76.64.28,HOST
rKeDos,3716525747,221.133.174.179,HOST
RntKOz,13736852,0.209.155.148,HOST
SjYeJf,1995250832,118.237.28.144,HOST
oSmPXW,694195124,41.96.147.180,HOST
BuxiZt,1200198648,71.137.147.248,HOST
ULQrIu,443537148,26.111.214.252,HOST
ecxEBA,4006235341,238.202.76.205,HOST
nNbCQH,1583788675,94.102.178.131,HOST
jKiAHf,3510463285,209.61.107.53,HOST
sVKCaf,1188357064,70.212.227.200,HOST
RSEuIY,167064773,9.245.52.197,HOST
gBDxiq,1517977254,90.122.126.166,HOST
zsylbO,138357926,8.63.44.166,HOST
cDvrwd,2205620980,131.119.26.244,HOST
TSJzdK,1473073112,87.205.79.216,HOST
xImLpN,2083364212,124.45.157.116,HOST
TNAXxn,2990378936,178.61.143.184,HOST
sYyOhx,2725893716,162.121.214.84,HOST
VkdATl,3051877224,181.231.243.104,HOST
sFpGXY,4217424299,251.96.201.171,HOST
XhLuCZ,2083094013,124.41.125.253,HOST
GcitCD,3966318193,236.105.54.113,HOST
dPwkOS,1726021288,102.224.254.168,HOST
FQsmnd,1166473177,69.134.247.217,HOST
CrQklz,3856232157,229.217.110.221,HOST
sLOfUZ,180838088,10.199.94.200,HOST
YoNqyJ,3183415561,189.191.17.9,HOST
zNLpwO,3375204286,201.45.135.190,HOST
GOLdXp,3107161101,185.51.132.13,HOST
GPigDY,2928968488,174.148.131.40,HOST
ReASxG,3012747447,179.146.224.183,HOST
qTOhcv,3615621146,215.130.0.26,HOST
ItnsOP,1179154602,70.72.120.170,HOST
yDTNMe,1003565145,59.209.48.89,HOST
CxIcFi,915127571,54.139.189.19,HOST
VdMOqS,2456982103,146.114.146.87,HOST
xegmnc,4087652033,243.164.158.193,HOST
KxvJiX,2478905058,147.193.22.226,HOST
mFUdpS,1796636128,107.22.125.224,HOST
ekKRbf,2615746746,155.233.32.186,HOST
IhdrTf,1981205942,118.22.205.182,HOST
GnSQip,470217751,28.6.244.23,HOST
oQKacB,3611717310,215.70.110.190,HOST
sakCre,374699865,22.85.119.89,HOST
UHxZOR,36407533,2.43.136.237,HOST
QYBxlO,4115943646,245.84.80.222,HOST
JdTMjb,1986867378,118.109.48.178,HOST
OTvIbl,2440045112,145.112.34.56,HOST
scfvSX,3968340390,236.136.17.166,HOST
ygRLcj,2983788612,177.217.0.68,HOST
sMyRbr,2752644230,164.18.4.134,HOST
lmDMQi,3283501065,195.182.64.9,HOST
hVsjNn,2067364548,123.57.122.196,HOST
sPJlUz,58914298,3.130.245.250,HOST
kjpLIm,2720655897,162.41.234.25,HOST
AXYLOW,1224172581,72.247.100.37,HOST
EgAGVU,286195555,17.14.255.99,HOST
McZWdV,1272723678,75.220.56.222,HOST
VmQPKU,4261815439,254.6.36.143,HOST
lAOXUY,1598725604,95.74.157.228,HOST
vrSYpm,1783353922,106.75.210.66,HOST
cQDeRi,1768781209,105.109.117.153,HOST
OilkvZ,3754053821,223.194.80.189,HOST
knYErf,1329404154,79.61.24.250,HOST
MWIXeN,1233339718,73.131.69.70,HOST
iuFBbU,3201784196,190.215.89.132,HOST
qLKivM,627240104,37.98.236.168,HOST
vHakPp,3645873487,217.79.157.79,HOST
hpVEMv,4159157236,247.231.179.244,HOST
IgOVpE,2187938377,130.105.74.73,HOST
hDPUCR,1751459393,104.101.38.65,HOST
gKcost,3272077629,195.7.241.61,HOST
stGASu,1095999950,65.83.161.206,HOST
LfENCg,1854428630,110.136.85.214,HOST
oWqxJB,2973284879,177.56.186.15,HOST
RBHKJz,1426201793,85.2.28.193,HOST
xiGYpI,2173622434,129.142.216.162,HOST
IxjLJY,1396746854,83.64.170.102,HOST
UnBsDr,4292322292,255.215.163.244,HOST
nrFcfq,9613374,0.146.176.62,HOST
LbMfdQ,208703565,12.112.144.77,HOST
xdoFYV,527769486,31.117.31.142,HOST
wdEjrG,1456966798,86.215.140.142,HOST
qMckGf,1686074485,100.127.116.117,HOST
VmJvuU,3975813835,236.250.26.203,HOST
dUOlQC,2416590683,144.10.63.91,HOST
FkQnNO,74144167,4.107.89.167,HOST
CushQA,2024461320,120.170.212.8,HOST
UtpKrk,2002221971,119.87.123.147,HOST
yOrmRl,4197714551,250.52.10.119,HOST
yVozQD,3268869551,194.214.253.175,HOST
QYVFZr,875682225,52.49.217.177,HOST
